{"name":"build-javascript","namedChunkGroups":{"app":{"name":"app","assets":[{"name":"webpack-runtime-b106d190ce8f1e11542a.js","size":3491},{"name":"framework-f9b33925be13f45d39c9.js","size":140780},{"name":"app-d3a7cfee10cab925ec6e.js","size":60602}],"filteredAssets":0,"assetsSize":204873,"filteredAuxiliaryAssets":3,"auxiliaryAssetsSize":588036},"component---src-pages-index-js":{"name":"component---src-pages-index-js","assets":[{"name":"component---src-pages-index-js-6da2579c44cda389f175.js","size":1263}],"filteredAssets":0,"assetsSize":1263,"filteredAuxiliaryAssets":1,"auxiliaryAssetsSize":2931}},"assetsByChunkName":{"app":["webpack-runtime-b106d190ce8f1e11542a.js","framework-f9b33925be13f45d39c9.js","app-d3a7cfee10cab925ec6e.js"],"component---src-pages-index-js":["component---src-pages-index-js-6da2579c44cda389f175.js"]},"childAssetsByChunkName":{}}